User,Location,Text,sentiment,probability
clradiocom,Chile,"#CineyTV Tr√°iler de ""Expediente Warren: Obligado por el demonio"" #VeraFarmiga #ElConjuro #ExpedienteWarren‚Ä¶ https://t.co/JaorDXvWWw",Positivo,63
yo_kevinazo,,"No s√© si aqu√≠ me van a vacunar o a exorcizarme el esp√≠ritu del subdesarrollo. 
#abdala #elconjuro https://t.co/UAnJMmfmBV",Positivo,60
CinafilmEspanol,"Birmingham, England","El conjuro (2013) - Leer 1,149 Cr√≠ticas de Pel√≠culas 
Enlace: https://t.co/ut7B1AYMsL 
#ElConjuro #PeliCritica",Positivo,66
RED92cadadiamas,La Plata - Buenos Aires - ARG,"üò∞üìΩüéû | #Warren | #ElConjuro | #TheConjuring | #TheWarrenFiles | @TheConjuring | 

Mir√° las primeras y aterradoras im‚Ä¶ https://t.co/uLxGGXdCMO",Positivo,65
Moni_Buenfil,"Irapuato, Guanajuato",Participa en el sorteo #ElConjuro @acme_vlogs https://t.co/ndOcGaOflu,Positivo,68
RevistaRayas,"Puebla, M√©xico","üò±ü§© ¬°Morimos de miedo y de ganas de verla! 

Aqu√≠ est√° lo nuevo de #ElConjuro 

https://t.co/afsNlcWvYc
V√≠a: @yonadi18",Positivo,63
PactoCopernico,La Plata,"Ayer, en @PactoCopernico el querido @RodrigoGF75 nos adelanto todo sobre el caso real detr√°s de #ElConjuro 3

Reviv‚Ä¶ https://t.co/Xi3IlUNByl",Positivo,64
Hernan_moyano,La Plata,"Ayer, en @PactoCopernico el querido @RodrigoGF75 nos adelanto todo sobre el caso real detr√°s de #ElConjuro 3

Reviv‚Ä¶ https://t.co/flryOVnh7G",Positivo,64
clradiocom,Chile,"#CineyTV Tr√°iler de ""Expediente Warren: Obligado por el demonio"" #VeraFarmiga #ElConjuro #ExpedienteWarren‚Ä¶ https://t.co/eT8sAiYGfd",Positivo,63
DoppelgangerEl,,En minutos les cuento mis apreciaciones sobre la pr√≥xima miniserie que DC Comics publicar√° y con la cual comenzar√°‚Ä¶ https://t.co/u161LRjeo6,Positivo,71
culturageek,Buenos Aires,"#Comics #Cine #DCComics #TheConjuring
-
#ElConjuro: The Lover, el c√≥mic de #DC que est√° dentro de la saga cinematog‚Ä¶ https://t.co/4TC4cZ5wtV",Positivo,69
t23augusto,Buenos Aires,"#Comics #Cine #DCComics #TheConjuring
-
#ElConjuro: The Lover, el c√≥mic de #DC que est√° dentro de la saga cinematog‚Ä¶ https://t.co/ECJ4t6XUXX",Positivo,69
CinafilmEspanol,"Birmingham, England","El conjuro (2013) - Leer 1,149 Cr√≠ticas de Pel√≠culas 
Enlace: https://t.co/ut7B1AYMsL 
#ElConjuro #PeliCritica",Positivo,66
clradiocom,Chile,"#CineyTV Tr√°iler de ""Expediente Warren: Obligado por el demonio"" #VeraFarmiga #ElConjuro #ExpedienteWarren‚Ä¶ https://t.co/7cTDYB2JSH",Positivo,63
